week,gt_harga_naik,gt_biaya_hidup,gt_harga_beras,gt_harga_bbm,gt_phk,gt_mean_score,isPartial,usd_idr_close,usd_idr_return,usd_idr_volatility_4w,rupiah_depreciation_dummy,x_tweet_volume,x_negative_sentiment_mean,x_negative_tweet_ratio,x_tweet_volume_log1p
2022-01-02,8,1,3,1,2,3.0,False,,,,,0.0,,,0.0
2022-01-09,5,1,4,1,2,2.6,False,14328.0,,,0.0,7.0,0.436807712506769,0.42857142857142855,2.0794415416798357
2022-01-16,5,1,4,1,2,2.6,False,14317.0,-0.0007677275265215444,,0.0,2.0,0.3499898370355367,0.5,1.0986122886681098
2022-01-23,5,2,5,1,2,3.0,False,14314.0,-0.00020954110498005996,,0.0,4.0,0.6810987740755081,0.75,1.6094379124341003
2022-01-30,5,2,5,1,1,2.8,False,14408.0,0.006566997345256453,,1.0,6.0,0.8994779388109843,1.0,1.9459101490553132
2022-02-06,5,2,7,2,2,3.6,False,14387.0,-0.0014575235980011092,0.0037244401110021544,0.0,6.0,0.5471940543502569,0.5,1.9459101490553132
2022-02-13,7,2,7,3,2,4.2,False,14311.0,-0.005282546743587968,0.004938368096060772,0.0,2.0,0.5039329081773758,0.5,1.0986122886681098
2022-02-20,8,2,8,2,2,4.4,False,14360.0,0.003423939626860495,0.005235661638403273,1.0,2.0,0.9970014989376068,1.0,1.0986122886681098
2022-02-27,8,2,8,3,2,4.6,False,14345.0,-0.0010445682451253324,0.0035632492975473,0.0,3.0,0.5715718145171801,0.6666666666666666,1.3862943611198906
2022-03-06,9,2,8,3,2,4.8,False,14388.0,0.0029975601254792483,0.004070336803028451,1.0,3.0,0.40422463917639107,0.3333333333333333,1.3862943611198906
2022-03-13,10,3,8,2,3,5.2,False,14283.0,-0.0072977481234361985,0.004971069490823917,0.0,1.0,0.1602334678173065,0.0,0.6931471805599453
2022-03-20,8,2,6,2,2,4.0,False,14337.0,0.003780718336483968,0.005066750921258149,1.0,9.0,0.6530273815410005,0.6666666666666666,2.302585092994046
2022-03-27,18,2,6,21,2,9.8,False,14341.0,0.00027899839575917795,0.005053042285469666,1.0,2.0,0.4868235971662216,0.5,1.0986122886681098
2022-04-03,8,2,5,7,2,4.8,False,14376.0,0.002440555051949067,0.004947259030731376,1.0,3.0,0.3155408770156403,0.3333333333333333,1.3862943611198906
2022-04-10,7,2,5,4,2,4.0,False,14365.0,-0.0007651641624930594,0.0020567443159600703,0.0,6.0,0.6659933371508183,0.6666666666666666,1.9459101490553132
2022-04-17,6,2,6,3,2,3.8,False,14360.0,-0.00034806822137134485,0.0014254484567655086,0.0,5.0,0.7903087682090699,0.8,1.791759469228055
2022-04-24,5,1,6,2,2,3.2,False,14425.0,0.004526462395543218,0.002488982293318901,1.0,6.0,0.38207800469050807,0.3333333333333333,1.9459101490553132
2022-05-01,5,1,3,1,1,2.2,False,14518.0,0.006447140381282468,0.0035802412639804665,1.0,2.0,0.014716709498316,0.0,1.0986122886681098
2022-05-08,6,2,3,2,2,3.0,False,14486.0,-0.002204160352665685,0.004053972101341812,0.0,1.0,0.9564261436462402,1.0,0.6931471805599453
2022-05-15,6,2,3,2,2,3.0,False,14631.0,0.0100096645036587,0.005129732709043298,1.0,5.0,0.45919556518783794,0.4,1.791759469228055
2022-05-22,6,2,4,1,3,3.2,False,14656.0,0.0017087007039846558,0.0053493254431457036,1.0,5.0,0.1706938352901488,0.2,1.791759469228055
2022-05-29,6,2,5,2,3,3.6,False,14535.0,-0.008256004366812175,0.007653696392802253,0.0,5.0,0.5435169376432896,0.6,1.791759469228055
2022-06-05,7,2,5,2,3,3.8,False,14444.0,-0.006260749914000718,0.008336943760773003,0.0,3.0,0.09635841318716602,0.0,1.3862943611198906
2022-06-12,6,1,3,1,5,3.2,False,14552.0,0.007477153143173654,0.0072819743191519706,1.0,3.0,0.06925573161182301,0.0,1.3862943611198906
2022-06-19,5,2,2,1,3,2.6,False,14817.0,0.018210555250137483,0.012432392975467728,1.0,4.0,0.27202715480234474,0.25,1.6094379124341003
2022-06-26,5,1,2,2,3,2.6,False,14856.0,0.002632111763514855,0.010198145231227097,1.0,3.0,0.3516256722311179,0.3333333333333333,1.3862943611198906
2022-07-03,5,1,2,2,2,2.4,False,14985.0,0.008683360258481487,0.006520533187478914,1.0,3.0,0.2826098452011744,0.3333333333333333,1.3862943611198906
2022-07-10,6,1,2,5,2,3.2,False,14967.0,-0.001201201201201152,0.008462112060455891,0.0,2.0,0.9947103559970856,1.0,1.0986122886681098
2022-07-17,5,2,2,2,2,2.6,False,14994.0,0.0018039687312085828,0.00414386440891501,1.0,7.0,0.47799904072391136,0.5714285714285714,2.0794415416798357
2022-07-24,4,1,3,2,2,2.4,False,14991.0,-0.0002000800320127727,0.004453421865954691,0.0,4.0,0.6504760701209307,0.75,1.6094379124341003
2022-07-31,5,1,3,5,2,3.2,False,14862.0,-0.008605163097858748,0.004544810226229262,0.0,3.0,0.03415036026854063,0.0,1.3862943611198906
2022-08-07,10,1,3,3,2,3.8,False,14889.0,0.0018167137666531552,0.004963993648140552,1.0,2.0,0.9015533328056335,1.0,1.0986122886681098
2022-08-14,6,1,3,3,1,2.8,False,14685.0,-0.01370139028813222,0.0072594585404788855,0.0,2.0,0.4999918134417385,0.5,1.0986122886681098
2022-08-21,8,2,3,9,2,4.8,False,14872.0,0.012734082397003688,0.011721721839518761,1.0,1.0,0.987054407596588,1.0,0.6931471805599453
2022-08-28,22,1,3,100,2,25.6,False,14816.0,-0.0037654653039268515,0.011033861178797654,0.0,14.0,0.5088008876981412,0.5714285714285714,2.70805020110221
2022-09-04,11,2,4,49,2,13.6,False,14906.0,0.0060745140388769325,0.011554412331255369,1.0,9.0,0.5584239052841439,0.5555555555555556,2.302585092994046
2022-09-11,7,2,4,14,2,5.8,False,14832.0,-0.004964443848114897,0.008415977317717396,0.0,3.0,0.8785918752352396,1.0,1.3862943611198906
2022-09-18,6,2,4,10,7,5.8,False,14974.0,0.009573894282632223,0.0071976198966559645,1.0,1.0,0.0016623577103018,0.0,0.6931471805599453
2022-09-25,6,2,4,11,4,5.4,False,15068.0,0.006277547749432344,0.00634269282428596,1.0,2.0,0.503769036848098,0.5,1.0986122886681098
2022-10-02,6,2,4,10,3,5.0,False,15247.0,0.011879479692062711,0.007466741128428498,1.0,3.0,0.6478550424799323,0.6666666666666666,1.3862943611198906
2022-10-09,5,2,4,6,3,4.0,False,15242.0,-0.0003279333639404358,0.0053092903719047955,0.0,4.0,0.7464157767826691,0.75,1.6094379124341003
2022-10-16,5,2,4,4,3,3.6,False,15470.0,0.014958666841621726,0.006724075672464461,1.0,8.0,0.19504000805318353,0.125,2.1972245773362196
2022-10-23,5,2,4,4,3,3.6,False,15621.0,0.009760827407886197,0.006617349601979816,1.0,2.0,0.8662428855895996,1.0,1.0986122886681098
2022-10-30,6,1,4,8,4,4.6,False,15558.0,-0.004033032456308816,0.008789974146696298,0.0,3.0,0.3951294510625303,0.3333333333333333,1.3862943611198906
2022-11-06,5,2,4,4,4,3.8,False,15693.0,0.008677207867335168,0.008063053155153948,1.0,6.0,0.7492110878229141,0.6666666666666666,1.9459101490553132
2022-11-13,6,1,4,4,7,4.4,False,15502.0,-0.012171031670171417,0.010547027922533276,0.0,1.0,0.0792244523763656,0.0,0.6931471805599453
2022-11-20,5,2,4,3,5,3.8,False,15651.0,0.009611663011224403,0.010503820894097852,1.0,7.0,0.4432770721115438,0.5714285714285714,2.0794415416798357
2022-11-27,6,2,4,6,4,4.4,False,15693.0,0.0026835345984281833,0.010060605131729258,1.0,3.0,0.9973301887512207,1.0,1.3862943611198906
2022-12-04,6,3,5,4,3,4.2,False,15354.0,-0.02160198814758174,0.014130830547968315,0.0,5.0,0.41097504294011744,0.4,1.791759469228055
2022-12-11,4,2,3,3,3,3.0,False,15582.0,0.014849550605705364,0.016114795702601315,1.0,4.0,0.3778736333333653,0.5,1.6094379124341003
2022-12-18,4,1,3,2,2,2.4,False,15609.0,0.0017327685791297398,0.015231486128711686,1.0,5.0,0.2612628468661569,0.2,1.791759469228055
2022-12-25,4,1,3,2,2,2.4,False,15599.0,-0.0006406560317765431,0.015083745693722006,0.0,8.0,0.40247915928193834,0.375,2.1972245773362196
2023-01-01,5,1,3,14,3,5.2,False,15488.0,-0.007115840759023051,0.00922105353283605,0.0,1.0,0.0105825662612915,0.0,0.6931471805599453
2023-01-08,5,2,4,4,3,3.6,False,15684.0,0.012654958677685846,0.008230082858396714,1.0,1.0,0.1712716966867447,0.0,0.6931471805599453
2023-01-15,4,2,4,4,3,3.4,False,15177.0,-0.032325937260902826,0.01886878575355355,0.0,5.0,0.13969697509892282,0.2,1.791759469228055
2023-01-22,5,2,5,3,3,3.6,False,15119.0,-0.0038215721157014437,0.01858436076528144,0.0,1.0,0.997217893600464,1.0,0.6931471805599453
2023-01-29,5,2,6,6,3,4.4,False,14985.0,-0.00886302004100803,0.018588087557501107,0.0,6.0,0.5014608365794023,0.5,1.9459101490553132
2023-02-05,5,2,6,3,3,3.8,False,14915.0,-0.004671338004671344,0.013452052737918071,0.0,7.0,0.379971386814889,0.42857142857142855,2.0794415416798357
2023-02-12,5,2,6,3,2,3.6,False,15185.0,0.01810258129399922,0.012145548072772646,1.0,2.0,0.5485150665044785,0.5,1.0986122886681098
2023-02-19,5,2,6,3,2,3.6,False,15210.0,0.001646361540994512,0.01184811114066737,1.0,2.0,0.021329239010810852,0.0,1.0986122886681098
2023-02-26,5,2,7,4,2,4.0,False,15230.0,0.0013149243918475495,0.009777280248357327,1.0,5.0,0.30515265780268236,0.2,1.791759469228055
2023-03-05,5,2,7,3,2,3.8,False,15314.0,0.005515430072225769,0.007872911143902575,1.0,5.0,0.5486689387587831,0.6,1.791759469228055
2023-03-12,5,2,7,3,2,3.8,False,15495.0,0.011819250359148548,0.004884418005229701,1.0,3.0,0.2625859719701111,0.3333333333333333,1.3862943611198906
2023-03-19,4,1,6,2,2,3.0,False,15374.0,-0.007808970635688972,0.008234963247887975,0.0,2.0,0.41190141066908836,0.5,1.0986122886681098
2023-03-26,4,2,6,3,2,3.4,False,15185.0,-0.012293482502927056,0.011259207209108666,0.0,4.0,0.7053227722644806,0.5,1.6094379124341003
2023-04-02,4,2,6,3,2,3.4,False,14989.0,-0.012907474481396064,0.011635378668604219,0.0,7.0,0.5633403772621282,0.5714285714285714,2.0794415416798357
2023-04-09,4,2,6,2,3,3.4,False,14925.0,-0.0042697978517579616,0.004061991416737961,0.0,1.0,0.5427327156066895,1.0,0.6931471805599453
2023-04-16,3,1,6,2,1,2.6,False,14735.0,-0.012730318257956452,0.004194923265461318,0.0,4.0,0.5067354060010985,0.5,1.6094379124341003
2023-04-23,4,1,3,2,1,2.2,False,14960.0,0.015269765863590079,0.013247570160499695,1.0,3.0,0.8743422627449036,1.0,1.3862943611198906
2023-04-30,5,2,4,2,2,3.0,False,14673.0,-0.019184491978609608,0.014968244189266768,0.0,6.0,0.39526026548507315,0.3333333333333333,1.9459101490553132
2023-05-07,4,2,4,2,2,2.8,False,14669.0,-0.0002726095549648866,0.01518545408516674,0.0,3.0,0.6961056490739187,0.6666666666666666,1.3862943611198906
2023-05-14,4,2,4,2,2,2.8,False,14809.0,0.00954393619196936,0.015112888800887866,1.0,1.0,0.0003539955650921,0.0,0.6931471805599453
2023-05-21,5,2,4,2,2,3.0,False,14923.0,0.007698021473428351,0.01313060782420678,1.0,5.0,0.43911819057539103,0.6,1.791759469228055
2023-05-28,5,2,5,5,2,3.8,False,14962.0,0.0026134155330697073,0.004523249251750105,1.0,5.0,0.09873058388475324,0.0,1.791759469228055
2023-06-04,5,2,5,3,2,3.4,False,14843.0,-0.00795348215479219,0.007853243898181084,0.0,5.0,0.3991311892867088,0.4,1.791759469228055
2023-06-11,4,1,4,2,2,2.6,False,14840.0,-0.00020211547530823992,0.006537744094910321,0.0,3.0,0.0367668495358278,0.0,1.3862943611198906
2023-06-18,4,1,3,2,2,2.4,False,14944.0,0.007008086253369239,0.006290329190808622,1.0,2.0,0.4354311344213783,0.5,1.0986122886681098
2023-06-25,4,1,3,2,2,2.4,False,15011.0,0.004483404710920791,0.006575988486006087,1.0,4.0,0.725081653567031,0.75,1.6094379124341003
2023-07-02,4,1,3,2,2,2.4,False,15079.0,0.0045300113250283935,0.0030117986992268925,1.0,7.0,0.696397263889334,0.7142857142857143,2.0794415416798357
2023-07-09,3,1,3,2,2,2.2,False,15174.0,0.006300152530008596,0.0012731911056518017,1.0,4.0,0.2915979961981065,0.25,1.6094379124341003
2023-07-16,3,1,2,1,2,1.8,False,14970.0,-0.013444049031237637,0.009312760436444405,0.0,2.0,0.9952962398529052,1.0,1.0986122886681098
2023-07-23,3,1,3,1,2,2.0,False,15027.0,0.0038076152304609145,0.009221298981944062,1.0,5.0,0.3143835350871086,0.4,1.791759469228055
2023-07-30,3,1,3,2,2,2.2,False,15095.0,0.004525187994942392,0.009220561472217177,1.0,3.0,0.180836831840376,0.3333333333333333,1.3862943611198906
2023-08-06,3,1,3,1,2,2.0,False,15188.0,0.006160980457105003,0.00919057323149542,1.0,4.0,0.5049774262297432,0.5,1.6094379124341003
2023-08-13,3,1,3,1,1,1.8,False,15278.0,0.0059257308401370334,0.001126659217962341,1.0,2.0,0.49202591768698767,0.5,1.0986122886681098
2023-08-20,3,1,4,2,2,2.4,False,15319.0,0.0026835973294934146,0.0015991601681008025,1.0,2.0,0.4827255830168724,0.5,1.0986122886681098
2023-08-27,4,1,5,6,2,3.6,False,15286.0,-0.0021541876101572877,0.0038782538034947264,0.0,3.0,0.9762227336565653,1.0,1.3862943611198906
2023-09-03,4,1,6,3,2,3.2,False,15240.0,-0.0030092895459897795,0.004204912054022563,0.0,7.0,0.1649885968654416,0.14285714285714285,2.0794415416798357
2023-09-10,4,2,6,2,2,3.2,False,15357.0,0.007677165354330606,0.0049357189993592225,1.0,2.0,0.9259430170059204,1.0,1.0986122886681098
2023-09-17,3,2,5,2,2,2.8,False,15368.0,0.0007162857328906203,0.004849058261194665,1.0,6.0,0.49593988837053377,0.5,1.9459101490553132
2023-09-24,4,1,5,2,2,2.8,False,15375.0,0.0004554919312858008,0.004479205339870603,1.0,4.0,0.5238215709105134,0.5,1.6094379124341003
2023-10-01,4,1,6,7,2,4.0,False,15465.0,0.005853658536585371,0.0036461441354454947,1.0,4.0,0.052025668672285925,0.0,1.6094379124341003
2023-10-08,4,1,5,2,2,2.8,False,15641.0,0.011380536695764665,0.005157761540638774,1.0,7.0,0.5784183235705963,0.5714285714285714,2.0794415416798357
2023-10-15,4,1,4,2,2,2.6,False,15683.0,0.0026852503036889352,0.004740445008652112,1.0,3.0,0.5211965237976983,0.6666666666666666,1.3862943611198906
2023-10-22,4,1,4,2,2,2.6,False,15858.0,0.011158579353440112,0.004244427262866609,1.0,3.0,0.011330969010790134,0.0,1.3862943611198906
2023-10-29,4,1,4,6,2,3.4,False,15940.0,0.005170891663513588,0.004359329879271539,1.0,3.0,0.40545904512206715,0.3333333333333333,1.3862943611198906
2023-11-05,4,1,4,2,2,2.6,False,15664.0,-0.01731493099121706,0.012349724644917966,0.0,3.0,0.33484987549794215,0.3333333333333333,1.3862943611198906
2023-11-12,4,1,4,2,3,2.8,False,15693.0,0.0018513789581204865,0.012305811623488356,1.0,3.0,0.6982492307821909,0.6666666666666666,1.3862943611198906
2023-11-19,4,2,4,2,2,2.8,False,15376.0,-0.020200089211750427,0.01298157951070379,0.0,5.0,0.6061498380266129,0.6,1.791759469228055
2023-11-26,5,2,5,5,2,3.8,False,15570.0,0.012617065556711715,0.015681010001112602,1.0,4.0,0.038297109058476,0.0,1.6094379124341003
2023-12-03,5,2,5,3,2,3.4,False,15485.0,-0.005459216441875414,0.013773836942719954,0.0,7.0,0.4046758751667636,0.42857142857142855,2.0794415416798357
2023-12-10,4,2,4,2,2,2.8,False,15514.0,0.001872780109783756,0.013776248737384391,1.0,4.0,0.3244274333119392,0.25,1.6094379124341003
2023-12-17,4,2,3,2,2,2.6,False,15556.0,0.002707232177388219,0.007424855806687492,1.0,3.0,0.7328428824742635,1.0,1.3862943611198906
2023-12-24,4,1,3,1,1,2.0,False,15450.0,-0.006814091025970637,0.004908312486218272,0.0,4.0,0.11230701889144251,0.0,1.6094379124341003
2023-12-31,4,1,3,4,2,2.8,False,15457.0,0.00045307443365705247,0.004346666549238312,1.0,5.0,0.197521278867498,0.2,1.791759469228055
2024-01-07,3,2,4,2,2,2.6,False,15536.0,0.005110952966293603,0.005149667438836048,1.0,6.0,0.3162474867228108,0.3333333333333333,1.9459101490553132
2024-01-14,3,1,4,1,2,2.2,False,15570.0,0.002188465499485037,0.005077013062149774,1.0,3.0,0.33532062498852605,0.3333333333333333,1.3862943611198906
2024-01-21,3,1,5,1,2,2.4,False,15608.0,0.002440590879897231,0.001923386121613644,1.0,6.0,0.3899651614871497,0.5,1.9459101490553132
2024-01-28,4,2,5,4,2,3.4,False,15759.0,0.009674525884161955,0.003475299116373792,1.0,5.0,0.9329397678375244,1.0,1.791759469228055
2024-02-04,4,1,6,2,2,3.0,False,15633.0,-0.0079954311821816,0.007264549617640249,0.0,2.0,0.9838978350162506,1.0,1.0986122886681098
2024-02-11,4,1,8,2,2,3.4,False,15637.0,0.0002558689950744597,0.007274589431576832,1.0,4.0,0.5339845512062311,0.5,1.6094379124341003
2024-02-18,5,1,13,2,2,4.6,False,15636.0,-6.39508857197546e-05,0.007227672684336255,0.0,5.0,0.5479045206680894,0.6,1.791759469228055
2024-02-25,6,2,12,4,2,5.2,False,15606.0,-0.0019186492709132308,0.0038317786693515643,0.0,4.0,0.1887167538516223,0.25,1.6094379124341003
2024-03-03,6,2,9,3,2,4.4,False,15722.0,0.007433038574907069,0.0041174567419443135,1.0,5.0,0.5690710261464119,0.6,1.791759469228055
2024-03-10,3,1,7,1,2,2.8,False,15531.0,-0.012148581605393671,0.008068604209748986,0.0,4.0,0.7474667923524976,0.75,1.6094379124341003
2024-03-17,4,2,8,2,2,3.6,False,15618.0,0.005601699826154105,0.008900034518064467,1.0,4.0,0.015392447065096324,0.0,1.6094379124341003
2024-03-24,4,2,7,1,2,3.2,False,15811.0,0.01235753617620694,0.010693876563782425,1.0,5.0,0.794371962128207,0.8,1.791759469228055
2024-03-31,4,2,7,3,2,3.6,False,15871.0,0.0037948263866927068,0.010376418270053997,1.0,4.0,0.07025154912844295,0.0,1.6094379124341003
2024-04-07,3,1,5,1,1,2.2,False,15859.0,-0.0007560960241950188,0.005441552533563874,0.0,1.0,0.9815462231636048,1.0,0.6931471805599453
2024-04-14,5,1,4,1,2,2.6,False,16121.0,0.016520587678920506,0.007872727403698208,1.0,5.0,0.6204824179410935,0.4,1.791759469228055
2024-04-21,5,2,4,1,2,2.8,False,16263.0,0.00880838657651517,0.00740063541232769,1.0,7.0,0.7179034781376166,0.7142857142857143,2.0794415416798357
2024-04-28,4,1,4,3,2,2.8,False,16227.0,-0.0022136137244050946,0.008775060891246505,0.0,5.0,0.7403160542249679,0.8,1.791759469228055
2024-05-05,4,1,4,2,2,2.6,False,16054.0,-0.010661243606335136,0.011976413419707264,0.0,4.0,0.36539297178387636,0.25,1.6094379124341003
2024-05-12,4,1,4,1,2,2.4,False,16042.0,-0.0007474772642331873,0.00797736534233515,0.0,2.0,0.602150186896324,0.5,1.0986122886681098
2024-05-19,4,1,3,1,2,2.2,False,15968.0,-0.004612891160703181,0.004369165575767403,0.0,2.0,0.5099173421040176,0.5,1.0986122886681098
2024-05-26,4,2,4,3,2,3.0,False,16031.0,0.003945390781563196,0.0061808017510117065,1.0,5.0,0.4002276314538903,0.4,1.791759469228055
2024-06-02,4,2,4,3,2,3.0,False,16257.0,0.014097685733890586,0.008081575082958892,1.0,7.0,0.24801233676927428,0.2857142857142857,2.0794415416798357
2024-06-09,4,1,4,1,3,2.6,False,16192.0,-0.003998277665005823,0.008743294953864118,0.0,4.0,0.9538600891828537,1.0,1.6094379124341003
2024-06-16,3,1,3,1,2,2.0,False,16486.0,0.018157114624505866,0.010012277119993099,1.0,8.0,0.6048375954851508,0.625,2.1972245773362196
2024-06-23,3,1,3,1,2,2.0,False,16465.0,-0.0012738080795826612,0.01101540805518237,0.0,3.0,0.0356774176470935,0.0,1.3862943611198906
2024-06-30,3,1,3,2,2,2.2,False,16335.0,-0.007895535985423585,0.011596053228844818,0.0,3.0,0.8301754196484884,1.0,1.3862943611198906
2024-07-07,3,1,3,1,2,2.0,False,16280.0,-0.0033670033670033517,0.011504801066272649,0.0,3.0,0.05424189195036886,0.0,1.3862943611198906
2024-07-14,3,1,3,1,2,2.0,False,16117.0,-0.010012285012285016,0.004018060563853907,0.0,6.0,0.3797379788011312,0.3333333333333333,1.9459101490553132
2024-07-21,2,1,3,1,2,1.8,False,16197.0,0.004963702922380131,0.006634436106728253,1.0,4.0,0.5703035285696387,0.75,1.6094379124341003
2024-07-28,3,1,3,2,2,2.2,False,16293.0,0.005927023522874553,0.007523347709145443,1.0,2.0,0.00650990707799785,0.0,1.0986122886681098
2024-08-04,3,1,3,2,2,2.2,False,16210.0,-0.005094212238384577,0.007778637909221649,0.0,4.0,0.764062725007534,0.75,1.6094379124341003
2024-08-11,3,1,3,2,3,2.4,False,15950.0,-0.01603948180135717,0.010275445376279321,0.0,2.0,0.504142570309341,0.5,1.0986122886681098
2024-08-18,3,1,3,1,2,2.0,False,15699.0,-0.015736677115987474,0.010434173000249451,0.0,3.0,0.030346998013555965,0.0,1.3862943611198906
2024-08-25,3,1,3,2,2,2.2,False,15559.0,-0.008917765462768346,0.005361814324119938,0.0,5.0,0.6211267177015543,0.6,1.791759469228055
2024-09-01,3,2,3,3,2,2.6,False,15496.0,-0.004049103412815724,0.005783457108737921,0.0,7.0,0.5683191704364228,0.5714285714285714,2.0794415416798357
2024-09-08,3,1,3,2,2,2.2,False,15414.0,-0.005291688177594178,0.005248738361557325,0.0,2.0,0.2752524660900235,0.5,1.0986122886681098
2024-09-15,3,1,3,2,2,2.2,False,15407.0,-0.0004541326067211138,0.0034923149396482427,0.0,5.0,0.5787233903538436,0.6,1.791759469228055
2024-09-22,3,2,4,2,2,2.6,False,15162.0,-0.01590186278964112,0.006643078188629638,0.0,4.0,0.26255155168473715,0.25,1.6094379124341003
2024-09-29,3,2,3,4,3,3.0,False,15109.0,-0.003495581057907926,0.006714426960393187,0.0,4.0,0.7107952274382114,0.75,1.6094379124341003
2024-10-06,3,1,3,2,2,2.2,False,15564.0,0.03011450129062143,0.01954350569857888,1.0,3.0,0.02958092900613937,0.0,1.3862943611198906
2024-10-13,3,2,3,2,2,2.4,False,15581.0,0.001092264199434645,0.019479044610068687,1.0,2.0,0.9447639286518097,1.0,1.0986122886681098
2024-10-20,4,1,3,2,2,2.4,False,15492.0,-0.005712085232013386,0.016652658869682584,0.0,5.0,0.7853345904033631,0.8,1.791759469228055
2024-10-27,4,1,3,3,3,2.8,False,15685.0,0.012458042860831409,0.015661041692150452,1.0,7.0,0.3568629607658035,0.42857142857142855,2.0794415416798357
2024-11-03,4,1,3,2,3,2.6,False,15739.0,0.003442779725852718,0.007506914011458034,1.0,3.0,0.3564333845279179,0.3333333333333333,1.3862943611198906
2024-11-10,4,1,3,4,3,3.0,False,15598.0,-0.008958637778766154,0.009653365328048665,0.0,4.0,0.4626223708037287,0.5,1.6094379124341003
2024-11-17,4,2,3,2,3,2.8,False,15884.0,0.01833568406205921,0.011885108348768538,1.0,9.0,0.4204846075024559,0.4444444444444444,2.302585092994046
2024-11-24,4,2,3,2,2,2.6,False,15914.0,0.0018886930244270683,0.011221842709879196,1.0,3.0,0.34201800636947155,0.3333333333333333,1.3862943611198906
2024-12-01,5,3,4,4,3,3.8,False,15863.0,-0.0032047253990197255,0.011748006083152502,0.0,3.0,0.11185338441282507,0.0,1.3862943611198906
2024-12-08,4,2,3,2,3,2.8,False,15824.0,-0.002458551345899229,0.010051082863360521,0.0,3.0,0.3231265647724892,0.3333333333333333,1.3862943611198906
2024-12-15,4,1,3,1,3,2.4,False,16020.0,0.01238624873609706,0.007182405936529462,1.0,2.0,0.010408068774268,0.0,1.0986122886681098
2024-12-22,4,1,3,2,3,2.6,False,16230.0,0.013108614232209659,0.009004567570793999,1.0,12.0,0.49522855984590325,0.4166666666666667,2.5649493574615367
2024-12-29,5,1,3,4,2,3.0,False,16218.0,-0.0007393715341958984,0.008317805910676072,0.0,2.0,0.5672633796930313,0.5,1.0986122886681098
2025-01-05,4,1,3,2,3,2.6,False,16219.0,6.165988407946799e-05,0.007568193248958675,1.0,4.0,0.2830380141967907,0.25,1.6094379124341003
2025-01-12,4,2,3,1,3,2.6,False,16189.0,-0.0018496824711757842,0.007019425659815469,0.0,7.0,0.24701164240416665,0.2857142857142857,2.0794415416798357
2025-01-19,4,2,4,2,2,2.8,False,16398.0,0.012910000617703421,0.006920748610406524,1.0,3.0,0.3734811620088294,0.3333333333333333,1.3862943611198906
2025-01-26,4,1,3,2,2,2.4,False,16139.0,-0.015794609098670587,0.011748823337393296,0.0,3.0,0.023143678903579667,0.0,1.3862943611198906
2025-02-02,4,2,4,2,2,2.8,False,16300.0,0.009975834934010885,0.013066598059878393,1.0,4.0,0.7459828117862344,0.75,1.6094379124341003
2025-02-09,4,2,4,2,5,3.4,False,16318.0,0.0011042944785275566,0.012911014685400641,1.0,7.0,0.7165985297677772,0.7142857142857143,2.0794415416798357
2025-02-16,4,2,4,2,5,3.4,False,16205.0,-0.006924868243657345,0.011019552632178952,0.0,6.0,0.4463993146394689,0.3333333333333333,1.9459101490553132
2025-02-23,4,1,5,4,5,3.8,False,16319.0,0.007034865782165944,0.007458220305942166,1.0,2.0,0.9966531693935394,1.0,1.0986122886681098
2025-03-02,3,1,5,3,6,3.6,False,16548.0,0.014032722593296132,0.008896854178282938,1.0,4.0,0.48430750193074346,0.5,1.6094379124341003
2025-03-09,4,2,5,3,4,3.6,False,16270.0,-0.016799613246313738,0.013842238199507879,0.0,4.0,0.72166843037121,0.75,1.6094379124341003
2025-03-16,4,2,7,2,4,3.8,False,16358.0,0.005408727719729667,0.013347638195813444,1.0,4.0,0.27648051569121884,0.25,1.6094379124341003
2025-03-23,3,1,8,2,3,3.4,False,16511.0,0.00935322166524033,0.013661515791639786,1.0,7.0,0.746183205395937,0.7142857142857143,2.0794415416798357
2025-03-30,4,1,3,3,2,2.6,False,16588.0,0.004663557628247883,0.011817910651834577,1.0,2.0,0.5257721319794655,0.5,1.0986122886681098
2025-04-06,6,1,4,2,4,3.4,False,16958.0,0.022305280925970505,0.008178156933714096,1.0,7.0,0.7149307892790863,0.7142857142857143,2.0794415416798357
2025-04-13,6,1,4,2,3,3.2,False,16855.0,-0.006073829461021307,0.011760238387255366,0.0,5.0,0.5377421664772555,0.4,1.791759469228055
2025-04-20,6,1,4,2,3,3.2,False,16868.0,0.0007712844853158263,0.01210239014492226,1.0,4.0,0.49736901525466237,0.5,1.6094379124341003
2025-04-27,5,1,4,4,4,3.6,False,16854.0,-0.0008299739151055308,0.012520797897945697,0.0,4.0,0.6952258832752705,0.75,1.6094379124341003
2025-05-04,4,2,4,2,5,3.4,False,16444.0,-0.02432656936038924,0.01151836364753897,0.0,2.0,0.8849984407424927,1.0,1.0986122886681098
2025-05-11,4,1,3,1,4,2.6,False,16537.0,0.005655558258331306,0.013383455358676731,1.0,2.0,0.042169611901044804,0.0,1.0986122886681098
2025-05-18,4,2,4,2,3,3.0,False,16462.0,-0.004535284513515148,0.01291755156288833,0.0,10.0,0.5867405438330024,0.6,2.3978952727983707
2025-05-25,4,2,3,2,4,3.0,False,16267.0,-0.011845462276758645,0.01261605677159323,0.0,4.0,0.17468727701634634,0.25,1.6094379124341003
2025-06-01,4,2,3,3,4,3.2,False,16333.0,0.004057293907911763,0.008128459275039048,1.0,2.0,0.6266516149044036,0.5,1.0986122886681098
2025-06-08,4,2,3,1,3,2.6,False,16314.0,-0.0011632890467152546,0.006663972925731439,0.0,8.0,0.7173263254917401,0.75,2.1972245773362196
2025-06-15,4,1,3,1,3,2.4,False,16317.0,0.00018389113644712296,0.00680553973237716,1.0,6.0,0.6690050400793552,0.6666666666666666,1.9459101490553132
2025-06-22,4,1,3,1,3,2.4,False,16404.0,0.0053318624747196175,0.003087417435867771,1.0,4.0,0.25282769947079936,0.25,1.6094379124341003
2025-06-29,4,2,3,4,3,3.2,False,16213.0,-0.011643501584979288,0.007120326274273599,0.0,2.0,0.30282453866675496,0.5,1.0986122886681098
2025-07-06,4,1,3,1,3,2.4,False,16194.0,-0.0011718990933201612,0.0071200617557610115,0.0,4.0,0.5022368207573891,0.5,1.6094379124341003
2025-07-13,4,1,4,1,3,2.6,False,16217.0,0.0014202791157218453,0.0072617639998509825,1.0,2.0,0.897506982088089,1.0,1.0986122886681098
2025-07-20,4,1,4,1,2,2.4,False,16306.0,0.00548806807670954,0.007311115747140718,1.0,4.0,0.48994914209470153,0.5,1.6094379124341003
2025-07-27,4,1,4,3,2,2.8,False,16337.0,0.0019011406844107182,0.0027410810982442,1.0,5.0,0.6243604727089405,0.6,1.791759469228055
2025-08-03,3,1,4,1,2,2.2,False,16520.0,0.011201566995164391,0.004513496196875094,1.0,0.0,,,0.0
2025-08-10,3,1,5,2,2,2.6,False,16261.0,-0.015677966101694918,0.011588583984948334,0.0,2.0,0.4215992098907008,0.5,1.0986122886681098
2025-08-17,3,1,5,1,2,2.4,False,16183.0,-0.004796752967222151,0.011318278155007798,0.0,4.0,0.2693982816199422,0.25,1.6094379124341003
2025-08-24,4,2,7,1,3,3.4,False,16374.0,0.011802508805536682,0.01331643553404615,1.0,4.0,0.078435881587211,0.0,1.6094379124341003
2025-08-31,4,2,5,3,4,3.6,False,16475.0,0.006168315622328002,0.012173570001475915,1.0,9.0,0.9265583886040581,1.0,2.302585092994046
2025-09-07,4,2,4,1,5,3.2,False,16420.0,-0.0033383915022762167,0.00790181157523595,0.0,6.0,0.4826391998794861,0.5,1.9459101490553132
2025-09-14,4,1,4,2,3,2.8,False,16439.0,0.0011571254567599443,0.006519294194649729,1.0,7.0,0.4261972209538466,0.42857142857142855,2.0794415416798357
2025-09-21,4,2,4,2,2,2.8,False,16651.0,0.012896161567005349,0.0069661609057030316,1.0,3.0,0.996725857257843,1.0,1.3862943611198906
2025-09-28,5,1,4,3,2,3.0,False,16709.0,0.0034832742778212467,0.00684424268003107,1.0,1.0,0.0656988397240638,0.0,0.6931471805599453
2025-10-05,5,2,4,3,2,3.2,False,16565.0,-0.008618110000598533,0.008834973094845117,0.0,2.0,0.5973494425415993,0.5,1.0986122886681098
2025-10-12,6,1,4,2,2,3.0,False,16590.0,0.001509206157561227,0.008822471595613555,1.0,5.0,0.5626994696445763,0.6,1.791759469228055
2025-10-19,6,1,4,1,2,2.8,False,16579.0,-0.0006630500301386677,0.005307986594982188,0.0,5.0,0.47846499234437934,0.4,1.791759469228055
2025-10-26,6,2,4,3,3,3.6,False,16608.0,0.0017492007961878997,0.004864170820729049,1.0,2.0,0.5045383698306978,0.5,1.0986122886681098
2025-11-02,5,2,4,2,3,3.2,False,16662.0,0.0032514450867051625,0.0016127268531665085,1.0,6.0,0.6428282330743968,0.6666666666666666,1.9459101490553132
2025-11-09,5,1,4,2,3,3.0,False,16698.0,0.002160604969391411,0.0016515441534348772,1.0,4.0,0.47493109991773963,0.5,1.6094379124341003
2025-11-16,5,2,4,1,2,2.8,False,16702.0,0.00023954964666428324,0.0012468940663249272,1.0,5.0,0.602825490757823,0.6,1.791759469228055
2025-11-23,5,2,4,1,3,3.0,False,16718.0,0.0009579691054963924,0.0013283571141512066,1.0,3.0,0.42318133140603703,0.3333333333333333,1.3862943611198906
2025-11-30,6,2,5,5,2,4.0,False,16660.0,-0.003469314511305166,0.0024273686029994248,0.0,3.0,0.9622485637664795,1.0,1.3862943611198906
2025-12-07,7,2,5,2,2,3.6,False,16672.0,0.0007202881152461593,0.0020759136940434113,1.0,6.0,0.9287387530008951,1.0,1.9459101490553132
2025-12-14,6,1,3,1,2,2.6,False,16652.0,-0.0011996161228406965,0.002055538042311764,0.0,5.0,0.7773284036200494,0.8,1.791759469228055
2025-12-21,6,1,3,1,2,2.6,False,16736.0,0.005044439106413723,0.00361202668629449,1.0,3.0,0.6900235091646513,0.6666666666666666,1.3862943611198906
2025-12-28,7,1,3,3,2,3.2,False,16747.0,0.0006572657743786348,0.0026468819993973785,1.0,0.0,,,0.0
2026-01-04,7,2,3,2,2,3.2,False,16716.0,-0.0018510778049799503,0.0031084276470352864,0.0,2.0,0.5027475589886308,0.5,1.0986122886681098
2026-01-11,6,2,3,1,2,2.8,False,16860.0,0.008614501076812608,0.004642902363595392,1.0,3.0,0.5561296917342892,0.6666666666666666,1.3862943611198906
2026-01-18,7,2,4,1,2,3.2,False,16918.0,0.0034400948991695213,0.0044875090372757985,1.0,5.0,0.7994527338072658,0.8,1.791759469228055
2026-01-25,11,2,4,2,2,4.2,False,16823.0,-0.0056153209599243414,0.006211261595650725,0.0,7.0,0.4937476210928123,0.42857142857142855,2.0794415416798357
2026-02-01,8,2,4,2,2,3.6,False,16788.0,-0.002080485050228842,0.0062491163842934875,0.0,5.0,0.9759505391120911,1.0,1.791759469228055
2026-02-08,6,2,4,1,2,3.0,False,16873.0,0.005063140338336991,0.00493851884134242,1.0,8.0,0.4367671215150039,0.5,2.1972245773362196
2026-02-15,5,1,5,1,2,2.8,False,16823.0,-0.0029633141705683874,0.004562459895249635,0.0,1.0,0.9841451048851012,1.0,0.6931471805599453
2026-02-22,6,2,5,2,2,3.4,False,16889.0,0.00392320038043148,0.004092702117290536,1.0,5.0,0.25686753671616314,0.2,1.791759469228055
2026-03-01,9,2,6,5,2,4.8,False,16801.0,-0.00521049203623658,0.0050593904890018065,0.0,6.0,0.6994790186484655,0.6666666666666666,1.9459101490553132
2026-03-08,9,2,8,4,2,5.0,False,16973.0,0.01023748586393669,0.007003984414280535,1.0,2.0,0.4974982049316167,0.5,1.0986122886681098
2026-03-15,9,1,8,4,2,4.8,False,16900.0,-0.004300948565368556,0.007313027931923133,0.0,4.0,0.6091008827715996,0.75,1.6094379124341003
2026-03-22,18,1,4,6,2,6.2,False,16925.0,0.0014792899408284654,0.0071045977020845665,1.0,9.0,0.6737399487109441,0.6666666666666666,2.302585092994046
2026-03-29,29,2,4,39,3,15.4,False,16983.0,0.0034268833087149897,0.005995693185092727,1.0,2.0,0.96287402510643,1.0,1.0986122886681098
2026-04-05,16,2,4,5,3,6.0,False,17011.0,0.0016487075310605004,0.0033604647703250686,1.0,4.0,0.0192140181243303,0.0,1.6094379124341003
2026-04-12,13,2,4,14,3,7.2,False,17095.0,0.00493798130621359,0.001634243362887316,1.0,3.0,0.36197784201552463,0.3333333333333333,1.3862943611198906
2026-04-19,11,2,4,13,2,6.4,False,17180.0,0.004972214097689331,0.0015732017049099518,1.0,5.0,0.5190769688226282,0.4,1.791759469228055
2026-04-26,11,2,4,9,3,5.8,False,17244.0,0.0037252619324796843,0.0015600172518850934,1.0,9.0,0.6944244437747531,0.6666666666666666,2.302585092994046
2026-05-03,9,2,4,10,3,5.6,False,17346.0,0.005915100904662518,0.0008974938639664466,1.0,4.0,0.5906261843629181,0.75,1.6094379124341003
2026-05-10,9,2,4,4,3,4.4,False,17366.0,0.001153003574311029,0.002063972161956308,1.0,3.0,0.9943167567253113,1.0,1.3862943611198906
2026-05-17,11,2,4,3,3,4.6,False,17589.0,0.012841183922607469,0.005014759036458135,1.0,6.0,0.710305184746782,0.8333333333333334,1.9459101490553132
2026-05-24,9,2,4,2,3,4.0,False,17695.0,0.006026493831371882,0.004808543382346329,1.0,5.0,0.8807337641716003,0.8,1.791759469228055
2026-05-31,12,3,4,9,3,6.2,False,17816.0,0.006838089855891516,0.0047942717616045365,1.0,3.0,0.40453495807014406,0.3333333333333333,1.3862943611198906
2026-06-07,17,2,4,24,3,10.0,False,18070.0,0.01425684777727887,0.00416249751592435,1.0,1.0,0.0979484245181083,0.0,0.6931471805599453
2026-06-14,10,2,4,15,2,6.6,True,17788.0,-0.015605976757055884,0.012867671319797751,0.0,9.0,0.37997129807869595,0.3333333333333333,2.302585092994046
