date,usd_idr,idr_usd
2022-01-03,14269.0,7.0081996e-05
2022-01-04,14363.0,6.9623338e-05
2022-01-05,14368.0,6.9599109e-05
2022-01-06,14399.0,6.9449267e-05
2022-01-07,14328.0,6.9793412e-05
2022-01-10,14298.0,6.9939852e-05
2022-01-11,14309.0,6.9886086e-05
2022-01-12,14332.0,6.9773932e-05
2022-01-13,14289.0,6.9983904e-05
2022-01-14,14317.0,6.9847035e-05
2022-01-17,14328.0,6.9793412e-05
2022-01-18,14356.0,6.9657286e-05
2022-01-19,14353.0,6.9671846e-05
2022-01-20,14348.0,6.9696125e-05
2022-01-21,14314.0,6.9861674e-05
2022-01-24,14344.0,6.9715561e-05
2022-01-25,14350.0,6.9686411e-05
2022-01-26,14352.0,6.96767e-05
2022-01-27,14384.0,6.9521691e-05
2022-01-28,14408.0,6.9405886e-05
2022-01-31,14375.0,6.9565217e-05
2022-02-01,14321.0,6.9827526e-05
2022-02-02,14346.0,6.9705841e-05
2022-02-03,14392.0,6.9483046e-05
2022-02-04,14387.0,6.9507194e-05
2022-02-07,14396.0,6.946374e-05
2022-02-08,14392.0,6.9483046e-05
2022-02-09,14334.0,6.9764197e-05
2022-02-10,14328.0,6.9793412e-05
2022-02-11,14311.0,6.9876319e-05
2022-02-14,14308.0,6.989097e-05
2022-02-15,14269.0,7.0081996e-05
2022-02-16,14275.0,7.0052539e-05
2022-02-17,14329.0,6.9788541e-05
2022-02-18,14360.0,6.9637883e-05
2022-02-21,14355.0,6.9662139e-05
2022-02-22,14366.0,6.9608799e-05
2022-02-23,14342.0,6.9725282e-05
2022-02-24,14399.0,6.9449267e-05
2022-02-25,14345.0,6.9710701e-05
2022-02-28,14377.0,6.955554e-05
2022-03-01,14364.0,6.9618491e-05
2022-03-02,14389.0,6.9497533e-05
2022-03-03,14386.0,6.9512026e-05
2022-03-04,14388.0,6.9502363e-05
2022-03-07,14397.0,6.9458915e-05
2022-03-08,14359.0,6.9642733e-05
2022-03-09,14291.0,6.997411e-05
2022-03-10,14277.0,7.0042726e-05
2022-03-11,14283.0,7.0013303e-05
2022-03-14,14306.0,6.9900741e-05
2022-03-15,14294.0,6.9959424e-05
2022-03-16,14271.0,7.0072174e-05
2022-03-17,14330.0,6.9783671e-05
2022-03-18,14337.0,6.9749599e-05
2022-03-21,14339.0,6.973987e-05
2022-03-22,14340.0,6.9735007e-05
2022-03-23,14376.0,6.9560378e-05
2022-03-24,14372.0,6.9579738e-05
2022-03-25,14341.0,6.9730144e-05
2022-03-28,14352.0,6.96767e-05
2022-03-29,14340.0,6.9735007e-05
2022-03-30,14342.0,6.9725282e-05
2022-03-31,14365.0,6.9613644e-05
2022-04-01,14376.0,6.9560378e-05
2022-04-04,14343.0,6.9720421e-05
2022-04-05,14343.0,6.9720421e-05
2022-04-06,14358.0,6.9647583e-05
2022-04-07,14375.0,6.9565217e-05
2022-04-08,14365.0,6.9613644e-05
2022-04-11,14365.0,6.9613644e-05
2022-04-12,14373.0,6.9574897e-05
2022-04-13,14363.0,6.9623338e-05
2022-04-14,14360.0,6.9637883e-05
2022-04-19,14346.0,6.9705841e-05
2022-04-20,14346.0,6.9705841e-05
2022-04-21,14351.0,6.9681555e-05
2022-04-22,14425.0,6.932409e-05
2022-04-25,14456.0,6.9175429e-05
2022-04-26,14396.0,6.946374e-05
2022-04-27,14419.0,6.9352937e-05
2022-04-28,14518.0,6.8880011e-05
2022-04-29,14518.0,6.8880011e-05
2022-05-02,14532.0,6.8813653e-05
2022-05-03,14483.0,6.9046468e-05
2022-05-04,14435.0,6.9276065e-05
2022-05-05,14431.0,6.9295267e-05
2022-05-06,14486.0,6.9032169e-05
2022-05-09,14554.0,6.8709633e-05
2022-05-10,14543.0,6.8761604e-05
2022-05-11,14507.0,6.893224e-05
2022-05-12,14658.0,6.8222131e-05
2022-05-13,14631.0,6.8348028e-05
2022-05-16,14675.0,6.8143101e-05
2022-05-17,14641.0,6.8301346e-05
2022-05-18,14678.0,6.8129173e-05
2022-05-19,14648.0,6.8268706e-05
2022-05-20,14656.0,6.8231441e-05
2022-05-23,14644.0,6.8287353e-05
2022-05-24,14657.0,6.8226786e-05
2022-05-25,14628.0,6.8362045e-05
2022-05-26,14611.0,6.8441585e-05
2022-05-27,14535.0,6.879945e-05
2022-05-30,14569.0,6.8638891e-05
2022-05-31,14543.0,6.8761604e-05
2022-06-01,14539.0,6.8780521e-05
2022-06-02,14480.0,6.9060773e-05
2022-06-03,14444.0,6.9232899e-05
2022-06-06,14418.0,6.9357747e-05
2022-06-07,14455.0,6.9180214e-05
2022-06-08,14506.0,6.8936992e-05
2022-06-09,14564.0,6.8662455e-05
2022-06-10,14552.0,6.8719076e-05
2022-06-13,14707.0,6.7994832e-05
2022-06-14,14734.0,6.7870232e-05
2022-06-15,14727.0,6.7902492e-05
2022-06-16,14834.0,6.7412701e-05
2022-06-17,14817.0,6.7490045e-05
2022-06-20,14824.0,6.7458176e-05
2022-06-21,14825.0,6.7453626e-05
2022-06-22,14846.0,6.7358211e-05
2022-06-23,14862.0,6.7285695e-05
2022-06-24,14856.0,6.731287e-05
2022-06-27,14789.0,6.7617824e-05
2022-06-28,14838.0,6.7394528e-05
2022-06-29,14845.0,6.7362748e-05
2022-06-30,14973.0,6.6786883e-05
2022-07-01,14985.0,6.67334e-05
2022-07-04,15001.0,6.6662223e-05
2022-07-05,15052.0,6.6436354e-05
2022-07-06,15021.0,6.6573464e-05
2022-07-07,14995.0,6.6688896e-05
2022-07-08,14967.0,6.6813657e-05
2022-07-11,14985.0,6.67334e-05
2022-07-12,14991.0,6.6706691e-05
2022-07-13,15016.0,6.6595631e-05
2022-07-14,15112.0,6.6172578e-05
2022-07-15,14994.0,6.6693344e-05
2022-07-18,14962.0,6.6835984e-05
2022-07-19,14977.0,6.6769046e-05
2022-07-20,14978.0,6.6764588e-05
2022-07-21,15043.0,6.6476102e-05
2022-07-22,14991.0,6.6706691e-05
2022-07-25,14951.0,6.6885158e-05
2022-07-26,14999.0,6.6671111e-05
2022-07-27,14985.0,6.67334e-05
2022-07-28,14926.0,6.6997186e-05
2022-07-29,14862.0,6.7285695e-05
2022-08-01,14857.0,6.730834e-05
2022-08-02,14872.0,6.7240452e-05
2022-08-03,14895.0,6.7136623e-05
2022-08-04,14931.0,6.6974751e-05
2022-08-05,14889.0,6.7163678e-05
2022-08-08,14852.0,6.7330999e-05
2022-08-09,14850.0,6.7340067e-05
2022-08-10,14845.0,6.7362748e-05
2022-08-11,14719.0,6.7939398e-05
2022-08-12,14685.0,6.8096697e-05
2022-08-15,14754.0,6.777823e-05
2022-08-16,14775.0,6.7681895e-05
2022-08-17,14774.0,6.7686476e-05
2022-08-18,14829.0,6.7435431e-05
2022-08-19,14872.0,6.7240452e-05
2022-08-22,14894.0,6.7141131e-05
2022-08-23,14851.0,6.7335533e-05
2022-08-24,14856.0,6.731287e-05
2022-08-25,14797.0,6.7581266e-05
2022-08-26,14816.0,6.74946e-05
2022-08-29,14892.0,6.7150148e-05
2022-08-30,14825.0,6.7453626e-05
2022-08-31,14850.0,6.7340067e-05
2022-09-01,14872.0,6.7240452e-05
2022-09-02,14906.0,6.7087079e-05
2022-09-05,14902.0,6.7105087e-05
2022-09-06,14891.0,6.7154657e-05
2022-09-07,14951.0,6.6885158e-05
2022-09-08,14879.0,6.7208818e-05
2022-09-09,14832.0,6.7421791e-05
2022-09-12,14854.0,6.7321933e-05
2022-09-13,14839.0,6.7389986e-05
2022-09-14,14919.0,6.7028621e-05
2022-09-15,14937.0,6.6947848e-05
2022-09-16,14974.0,6.6782423e-05
2022-09-19,14990.0,6.6711141e-05
2022-09-20,15019.0,6.6582329e-05
2022-09-21,15007.0,6.663557e-05
2022-09-22,14998.0,6.6675557e-05
2022-09-23,15068.0,6.6365808e-05
2022-09-26,15158.0,6.5971764e-05
2022-09-27,15144.0,6.6032752e-05
2022-09-28,15288.0,6.541078e-05
2022-09-29,15182.0,6.5867475e-05
2022-09-30,15247.0,6.5586673e-05
2022-10-03,15332.0,6.5223063e-05
2022-10-04,15246.0,6.5590975e-05
2022-10-05,15191.0,6.5828451e-05
2022-10-06,15234.0,6.5642641e-05
2022-10-07,15242.0,6.5608188e-05
2022-10-10,15338.0,6.5197549e-05
2022-10-11,15356.0,6.5121125e-05
2022-10-12,15359.0,6.5108405e-05
2022-10-13,15354.0,6.5129608e-05
2022-10-14,15470.0,6.4641241e-05
2022-10-17,15466.0,6.4657959e-05
2022-10-18,15470.0,6.4641241e-05
2022-10-19,15530.0,6.43915e-05
2022-10-20,15544.0,6.4333505e-05
2022-10-21,15621.0,6.4016388e-05
2022-10-24,15595.0,6.4123116e-05
2022-10-25,15624.0,6.4004096e-05
2022-10-26,15553.0,6.4296277e-05
2022-10-27,15571.0,6.4221951e-05
2022-10-28,15558.0,6.4275614e-05
2022-10-31,15624.0,6.4004096e-05
2022-11-01,15618.0,6.4028685e-05
2022-11-02,15637.0,6.3950886e-05
2022-11-03,15790.0,6.3331222e-05
2022-11-04,15693.0,6.3722679e-05
2022-11-07,15660.0,6.385696e-05
2022-11-08,15659.0,6.3861038e-05
2022-11-09,15656.0,6.3873275e-05
2022-11-10,15688.0,6.3742988e-05
2022-11-11,15502.0,6.4507805e-05
2022-11-14,15556.0,6.4283878e-05
2022-11-15,15537.0,6.436249e-05
2022-11-16,15605.0,6.4082025e-05
2022-11-17,15722.0,6.3605139e-05
2022-11-18,15651.0,6.3893681e-05
2022-11-21,15730.0,6.3572791e-05
2022-11-22,15677.0,6.3787714e-05
2022-11-23,15680.0,6.377551e-05
2022-11-24,15649.0,6.3901847e-05
2022-11-25,15693.0,6.3722679e-05
2022-11-28,15713.0,6.3641571e-05
2022-11-29,15726.0,6.3588961e-05
2022-11-30,15682.0,6.3767377e-05
2022-12-01,15459.0,6.4687237e-05
2022-12-02,15354.0,6.5129608e-05
2022-12-05,15426.0,6.4825619e-05
2022-12-06,15634.0,6.3963157e-05
2022-12-07,15638.0,6.3946796e-05
2022-12-08,15614.0,6.4045088e-05
2022-12-09,15582.0,6.4176614e-05
2022-12-12,15646.0,6.3914099e-05
2022-12-13,15668.0,6.3824355e-05
2022-12-14,15588.0,6.4151912e-05
2022-12-15,15621.0,6.4016388e-05
2022-12-16,15609.0,6.4065603e-05
2022-12-19,15576.0,6.4201335e-05
2022-12-20,15602.0,6.4094347e-05
2022-12-21,15583.0,6.4172496e-05
2022-12-22,15542.0,6.4341784e-05
2022-12-23,15599.0,6.4106674e-05
2022-12-27,15645.0,6.3918185e-05
2022-12-28,15758.0,6.345983e-05
2022-12-29,15663.0,6.384473e-05
2022-12-30,15488.0,6.4566116e-05
2023-01-02,15569.0,6.4230201e-05
2023-01-03,15621.0,6.4016388e-05
2023-01-04,15572.0,6.4217827e-05
2023-01-05,15605.0,6.4082025e-05
2023-01-06,15684.0,6.3759245e-05
2023-01-09,15578.0,6.4193093e-05
2023-01-10,15551.0,6.4304546e-05
2023-01-11,15457.0,6.4695607e-05
2023-01-12,15277.0,6.5457878e-05
2023-01-13,15177.0,6.5889174e-05
2023-01-16,15108.0,6.6190098e-05
2023-01-17,15188.0,6.5841454e-05
2023-01-18,15045.0,6.6467265e-05
2023-01-19,15192.0,6.5824118e-05
2023-01-20,15119.0,6.6141941e-05
2023-01-23,15007.0,6.663557e-05
2023-01-24,14974.0,6.6782423e-05
2023-01-25,14965.0,6.6822586e-05
2023-01-26,14960.0,6.684492e-05
2023-01-27,14985.0,6.67334e-05
2023-01-30,14982.0,6.6746763e-05
2023-01-31,15031.0,6.6529173e-05
2023-02-01,14961.0,6.6840452e-05
2023-02-02,14890.0,6.7159167e-05
2023-02-03,14915.0,6.7046597e-05
2023-02-06,15161.0,6.595871e-05
2023-02-07,15177.0,6.5889174e-05
2023-02-08,15116.0,6.6155067e-05
2023-02-09,15115.0,6.6159444e-05
2023-02-10,15185.0,6.5854462e-05
2023-02-13,15233.0,6.5646951e-05
2023-02-14,15154.0,6.5989178e-05
2023-02-15,15253.0,6.5560873e-05
2023-02-16,15134.0,6.6076384e-05
2023-02-17,15210.0,6.574622e-05
2023-02-20,15157.0,6.5976117e-05
2023-02-21,15187.0,6.5845789e-05
2023-02-22,15199.0,6.5793802e-05
2023-02-23,15204.0,6.5772165e-05
2023-02-24,15230.0,6.5659882e-05
2023-02-27,15274.0,6.5470735e-05
2023-02-28,15249.0,6.5578071e-05
2023-03-01,15231.0,6.5655571e-05
2023-03-02,15320.0,6.5274151e-05
2023-03-03,15314.0,6.5299726e-05
2023-03-06,15335.0,6.5210303e-05
2023-03-07,15381.0,6.5015279e-05
2023-03-08,15449.0,6.4729109e-05
2023-03-09,15439.0,6.4771034e-05
2023-03-10,15495.0,6.4536947e-05
2023-03-13,15410.0,6.4892927e-05
2023-03-14,15361.0,6.5099928e-05
2023-03-15,15502.0,6.4507805e-05
2023-03-16,15446.0,6.4741681e-05
2023-03-17,15374.0,6.5044881e-05
2023-03-20,15352.0,6.5138093e-05
2023-03-21,15303.0,6.5346664e-05
2023-03-22,15267.0,6.5500753e-05
2023-03-23,15122.0,6.6128819e-05
2023-03-24,15185.0,6.5854462e-05
2023-03-27,15148.0,6.6015316e-05
2023-03-28,15084.0,6.6295412e-05
2023-03-29,15059.0,6.6405472e-05
2023-03-30,15043.0,6.6476102e-05
2023-03-31,14989.0,6.6715591e-05
2023-04-03,14967.0,6.6813657e-05
2023-04-04,14908.0,6.7078079e-05
2023-04-05,14928.0,6.698821e-05
2023-04-06,14925.0,6.7001675e-05
2023-04-11,14913.0,6.7055589e-05
2023-04-12,14881.0,6.7199785e-05
2023-04-13,14730.0,6.7888663e-05
2023-04-14,14735.0,6.7865626e-05
2023-04-17,14843.0,6.7371825e-05
2023-04-18,14873.0,6.7235931e-05
2023-04-19,14991.0,6.6706691e-05
2023-04-20,14953.0,6.6876212e-05
2023-04-21,14960.0,6.684492e-05
2023-04-24,14950.0,6.6889632e-05
2023-04-25,14937.0,6.6947848e-05
2023-04-26,14847.0,6.7353674e-05
2023-04-27,14719.0,6.7939398e-05
2023-04-28,14673.0,6.8152389e-05
2023-05-02,14722.0,6.7925554e-05
2023-05-03,14680.0,6.8119891e-05
2023-05-04,14687.0,6.8087424e-05
2023-05-05,14669.0,6.8170973e-05
2023-05-08,14711.0,6.7976344e-05
2023-05-09,14745.0,6.78196e-05
2023-05-10,14750.0,6.779661e-05
2023-05-11,14711.0,6.7976344e-05
2023-05-12,14809.0,6.7526504e-05
2023-05-15,14794.0,6.7594971e-05
2023-05-16,14826.0,6.7449076e-05
2023-05-17,14884.0,6.718624e-05
2023-05-18,14879.0,6.7208818e-05
2023-05-19,14923.0,6.7010655e-05
2023-05-22,14877.0,6.7217853e-05
2023-05-23,14884.0,6.718624e-05
2023-05-24,14895.0,6.7136623e-05
2023-05-25,14943.0,6.6920966e-05
2023-05-26,14962.0,6.6835984e-05
2023-05-29,14960.0,6.684492e-05
2023-05-30,14972.0,6.6791344e-05
2023-05-31,15005.0,6.6644452e-05
2023-06-01,14925.0,6.7001675e-05
2023-06-02,14843.0,6.7371825e-05
2023-06-05,14870.0,6.7249496e-05
2023-06-06,14875.0,6.7226891e-05
2023-06-07,14838.0,6.7394528e-05
2023-06-08,14882.0,6.7195269e-05
2023-06-09,14840.0,6.7385445e-05
2023-06-12,14860.0,6.7294751e-05
2023-06-13,14866.0,6.726759e-05
2023-06-14,14895.0,6.7136623e-05
2023-06-15,14982.0,6.6746763e-05
2023-06-16,14944.0,6.6916488e-05
2023-06-19,14998.0,6.6675557e-05
2023-06-20,15010.0,6.6622252e-05
2023-06-21,14951.0,6.6885158e-05
2023-06-22,14953.0,6.6876212e-05
2023-06-23,15011.0,6.6617814e-05
2023-06-26,15056.0,6.6418704e-05
2023-06-27,15001.0,6.6662223e-05
2023-06-28,14993.0,6.6697792e-05
2023-06-29,15001.0,6.6662223e-05
2023-06-30,15079.0,6.6317395e-05
2023-07-03,15059.0,6.6405472e-05
2023-07-04,15013.0,6.6608939e-05
2023-07-05,15057.0,6.6414292e-05
2023-07-06,15067.0,6.6370213e-05
2023-07-07,15174.0,6.5902201e-05
2023-07-10,15203.0,6.5776491e-05
2023-07-11,15177.0,6.5889174e-05
2023-07-12,15069.0,6.6361404e-05
2023-07-13,14959.0,6.6849388e-05
2023-07-14,14970.0,6.6800267e-05
2023-07-17,14998.0,6.6675557e-05
2023-07-18,14984.0,6.6737854e-05
2023-07-19,14998.0,6.6675557e-05
2023-07-20,14984.0,6.6737854e-05
2023-07-21,15027.0,6.6546882e-05
2023-07-24,15021.0,6.6573464e-05
2023-07-25,15028.0,6.6542454e-05
2023-07-26,15047.0,6.645843e-05
2023-07-27,15003.0,6.6653336e-05
2023-07-28,15095.0,6.6247102e-05
2023-07-31,15080.0,6.6312997e-05
2023-08-01,15120.0,6.6137566e-05
2023-08-02,15181.0,6.5871813e-05
2023-08-03,15168.0,6.592827e-05
2023-08-04,15188.0,6.5841454e-05
2023-08-07,15193.0,6.5819785e-05
2023-08-08,15228.0,6.5668505e-05
2023-08-09,15191.0,6.5828451e-05
2023-08-10,15174.0,6.5902201e-05
2023-08-11,15278.0,6.5453593e-05
2023-08-14,15309.0,6.5321053e-05
2023-08-15,15340.0,6.5189048e-05
2023-08-16,15285.0,6.5423618e-05
2023-08-17,15346.0,6.5163561e-05
2023-08-18,15319.0,6.5278412e-05
2023-08-21,15326.0,6.5248597e-05
2023-08-22,15338.0,6.5197549e-05
2023-08-23,15293.0,6.5389394e-05
2023-08-24,15245.0,6.5595277e-05
2023-08-25,15286.0,6.5419338e-05
2023-08-28,15288.0,6.541078e-05
2023-08-29,15258.0,6.5539389e-05
2023-08-30,15240.0,6.5616798e-05
2023-08-31,15230.0,6.5659882e-05
2023-09-01,15240.0,6.5616798e-05
2023-09-04,15245.0,6.5595277e-05
2023-09-05,15273.0,6.5475021e-05
2023-09-06,15293.0,6.5389394e-05
2023-09-07,15325.0,6.5252855e-05
2023-09-08,15357.0,6.5116885e-05
2023-09-11,15365.0,6.5082981e-05
2023-09-12,15367.0,6.507451e-05
2023-09-13,15376.0,6.503642e-05
2023-09-14,15355.0,6.5125366e-05
2023-09-15,15368.0,6.5070276e-05
2023-09-18,15370.0,6.5061809e-05
2023-09-19,15380.0,6.5019506e-05
2023-09-20,15358.0,6.5112645e-05
2023-09-21,15375.0,6.504065e-05
2023-09-22,15375.0,6.504065e-05
2023-09-25,15381.0,6.5015279e-05
2023-09-26,15490.0,6.4557779e-05
2023-09-27,15551.0,6.4304546e-05
2023-09-28,15545.0,6.4329366e-05
2023-09-29,15465.0,6.466214e-05
2023-10-02,15549.0,6.4312818e-05
2023-10-03,15605.0,6.4082025e-05
2023-10-04,15630.0,6.3979527e-05
2023-10-05,15605.0,6.4082025e-05
2023-10-06,15641.0,6.3934531e-05
2023-10-09,15690.0,6.3734863e-05
2023-10-10,15730.0,6.3572791e-05
2023-10-11,15722.0,6.3605139e-05
2023-10-12,15663.0,6.384473e-05
2023-10-13,15683.0,6.3763311e-05
2023-10-16,15704.0,6.3678044e-05
2023-10-17,15715.0,6.3633471e-05
2023-10-18,15758.0,6.345983e-05
2023-10-19,15855.0,6.3071586e-05
2023-10-20,15858.0,6.3059654e-05
2023-10-23,15939.0,6.2739193e-05
2023-10-24,15856.0,6.3067608e-05
2023-10-25,15878.0,6.2980224e-05
2023-10-26,15920.0,6.281407e-05
2023-10-27,15940.0,6.2735257e-05
2023-10-30,15890.0,6.2932662e-05
2023-10-31,15885.0,6.2952471e-05
2023-11-01,15947.0,6.2707719e-05
2023-11-02,15810.0,6.3251107e-05
2023-11-03,15664.0,6.3840654e-05
2023-11-06,15534.0,6.437492e-05
2023-11-07,15663.0,6.384473e-05
2023-11-08,15677.0,6.3787714e-05
2023-11-09,15640.0,6.3938619e-05
2023-11-10,15693.0,6.3722679e-05
2023-11-13,15700.0,6.3694268e-05
2023-11-14,15704.0,6.3678044e-05
2023-11-15,15482.0,6.4591138e-05
2023-11-16,15579.0,6.4188972e-05
2023-11-17,15376.0,6.503642e-05
2023-11-20,15448.0,6.4733299e-05
2023-11-21,15499.0,6.4520292e-05
2023-11-22,15602.0,6.4094347e-05
2023-11-23,15550.0,6.4308682e-05
2023-11-24,15570.0,6.4226076e-05
2023-11-27,15482.0,6.4591138e-05
2023-11-28,15486.0,6.4574454e-05
2023-11-29,15439.0,6.4771034e-05
2023-11-30,15535.0,6.4370776e-05
2023-12-01,15485.0,6.4578624e-05
2023-12-04,15477.0,6.4612005e-05
2023-12-05,15476.0,6.461618e-05
2023-12-06,15524.0,6.4416388e-05
2023-12-07,15540.0,6.4350064e-05
2023-12-08,15514.0,6.4457909e-05
2023-12-11,15672.0,6.3808065e-05
2023-12-12,15582.0,6.4176614e-05
2023-12-13,15632.0,6.3971341e-05
2023-12-14,15499.0,6.4520292e-05
2023-12-15,15556.0,6.4283878e-05
2023-12-18,15493.0,6.4545279e-05
2023-12-19,15506.0,6.4491165e-05
2023-12-20,15528.0,6.4399794e-05
2023-12-21,15468.0,6.4649599e-05
2023-12-22,15450.0,6.4724919e-05
2023-12-27,15418.0,6.4859255e-05
2023-12-28,15419.0,6.4855049e-05
2023-12-29,15457.0,6.4695607e-05
2024-01-02,15524.0,6.4416388e-05
2024-01-03,15564.0,6.4250835e-05
2024-01-04,15515.0,6.4453754e-05
2024-01-05,15536.0,6.4366632e-05
2024-01-08,15528.0,6.4399794e-05
2024-01-09,15545.0,6.4329366e-05
2024-01-10,15560.0,6.4267352e-05
2024-01-11,15550.0,6.4308682e-05
2024-01-12,15570.0,6.4226076e-05
2024-01-15,15561.0,6.4263222e-05
2024-01-16,15609.0,6.4065603e-05
2024-01-17,15630.0,6.3979527e-05
2024-01-18,15610.0,6.4061499e-05
2024-01-19,15608.0,6.4069708e-05
2024-01-22,15680.0,6.377551e-05
2024-01-23,15711.0,6.3649672e-05
2024-01-24,15687.0,6.3747052e-05
2024-01-25,15851.0,6.3087502e-05
2024-01-26,15759.0,6.3455803e-05
2024-01-29,15825.0,6.3191153e-05
2024-01-30,15778.0,6.3379389e-05
2024-01-31,15757.0,6.3463857e-05
2024-02-01,15767.0,6.3423606e-05
2024-02-02,15633.0,6.3967249e-05
2024-02-05,15760.0,6.3451777e-05
2024-02-06,15740.0,6.3532402e-05
2024-02-07,15659.0,6.3861038e-05
2024-02-08,15656.0,6.3873275e-05
2024-02-09,15637.0,6.3950886e-05
2024-02-12,15588.0,6.4151912e-05
2024-02-13,15612.0,6.4053292e-05
2024-02-14,15604.0,6.4086132e-05
2024-02-15,15606.0,6.4077919e-05
2024-02-16,15636.0,6.3954976e-05
2024-02-19,15646.0,6.3914099e-05
2024-02-20,15660.0,6.385696e-05
2024-02-21,15626.0,6.3995904e-05
2024-02-22,15588.0,6.4151912e-05
2024-02-23,15606.0,6.4077919e-05
2024-02-26,15631.0,6.3975433e-05
2024-02-27,15637.0,6.3950886e-05
2024-02-28,15713.0,6.3641571e-05
2024-02-29,15738.0,6.3540475e-05
2024-03-01,15722.0,6.3605139e-05
2024-03-04,15738.0,6.3540475e-05
2024-03-05,15743.0,6.3520295e-05
2024-03-06,15698.0,6.3702382e-05
2024-03-07,15638.0,6.3946796e-05
2024-03-08,15531.0,6.4387354e-05
2024-03-11,15487.0,6.4570285e-05
2024-03-12,15521.0,6.4428838e-05
2024-03-13,15576.0,6.4201335e-05
2024-03-14,15598.0,6.4110783e-05
2024-03-15,15618.0,6.4028685e-05
2024-03-18,15719.0,6.3617278e-05
2024-03-19,15745.0,6.3512226e-05
2024-03-20,15737.0,6.3544513e-05
2024-03-21,15671.0,6.3812137e-05
2024-03-22,15811.0,6.3247106e-05
2024-03-25,15783.0,6.3359311e-05
2024-03-26,15799.0,6.3295145e-05
2024-03-27,15897.0,6.2904951e-05
2024-03-28,15871.0,6.3008002e-05
2024-04-02,15911.0,6.2849601e-05
2024-04-03,15948.0,6.2703787e-05
2024-04-04,15880.0,6.2972292e-05
2024-04-05,15859.0,6.3055678e-05
2024-04-08,15909.0,6.2857502e-05
2024-04-09,15867.0,6.3023886e-05
2024-04-10,15849.0,6.3095463e-05
2024-04-11,16022.0,6.2414181e-05
2024-04-12,16121.0,6.2030891e-05
2024-04-15,16059.0,6.2270378e-05
2024-04-16,16202.0,6.1720775e-05
2024-04-17,16254.0,6.1523317e-05
2024-04-18,16181.0,6.1800878e-05
2024-04-19,16263.0,6.148927e-05
2024-04-22,16253.0,6.1527103e-05
2024-04-23,16210.0,6.1690315e-05
2024-04-24,16169.0,6.1846744e-05
2024-04-25,16189.0,6.1770338e-05
2024-04-26,16227.0,6.1625686e-05
2024-04-29,16240.0,6.1576355e-05
2024-04-30,16255.0,6.1519532e-05
2024-05-02,16173.0,6.1831447e-05
2024-05-03,16054.0,6.2289772e-05
2024-05-06,16044.0,6.2328596e-05
2024-05-07,16064.0,6.2250996e-05
2024-05-08,16077.0,6.2200659e-05
2024-05-09,16072.0,6.222001e-05
2024-05-10,16042.0,6.2336367e-05
2024-05-13,16092.0,6.214268e-05
2024-05-14,16124.0,6.201935e-05
2024-05-15,16008.0,6.2468766e-05
2024-05-16,15918.0,6.2821963e-05
2024-05-17,15968.0,6.2625251e-05
2024-05-20,15976.0,6.2593891e-05
2024-05-21,16001.0,6.2496094e-05
2024-05-22,16040.0,6.234414e-05
2024-05-23,16030.0,6.2383032e-05
2024-05-24,16031.0,6.237914e-05
2024-05-27,16068.0,6.2235499e-05
2024-05-28,16078.0,6.2196791e-05
2024-05-29,16192.0,6.1758893e-05
2024-05-30,16240.0,6.1576355e-05
2024-05-31,16257.0,6.1511964e-05
2024-06-03,16229.0,6.1618091e-05
2024-06-04,16272.0,6.1455261e-05
2024-06-05,16338.0,6.1207002e-05
2024-06-06,16264.0,6.1485489e-05
2024-06-07,16192.0,6.1758893e-05
2024-06-10,16298.0,6.1357222e-05
2024-06-11,16298.0,6.1357222e-05
2024-06-12,16306.0,6.1327119e-05
2024-06-13,16254.0,6.1523317e-05
2024-06-14,16486.0,6.0657528e-05
2024-06-17,16458.0,6.0760724e-05
2024-06-18,16420.0,6.090134e-05
2024-06-19,16383.0,6.1038882e-05
2024-06-20,16492.0,6.063546e-05
2024-06-21,16465.0,6.0734892e-05
2024-06-24,16399.0,6.0979328e-05
2024-06-25,16390.0,6.1012813e-05
2024-06-26,16432.0,6.0856865e-05
2024-06-27,16389.0,6.1016535e-05
2024-06-28,16335.0,6.1218243e-05
2024-07-01,16351.0,6.1158339e-05
2024-07-02,16376.0,6.1064973e-05
2024-07-03,16379.0,6.1053788e-05
2024-07-04,16326.0,6.1251991e-05
2024-07-05,16280.0,6.1425061e-05
2024-07-08,16266.0,6.1477929e-05
2024-07-09,16269.0,6.1466593e-05
2024-07-10,16220.0,6.1652281e-05
2024-07-11,16179.0,6.1808517e-05
2024-07-12,16117.0,6.2046287e-05
2024-07-15,16186.0,6.1781787e-05
2024-07-16,16174.0,6.1827625e-05
2024-07-17,16128.0,6.2003968e-05
2024-07-18,16165.0,6.1862048e-05
2024-07-19,16197.0,6.1739828e-05
2024-07-22,16209.0,6.1694121e-05
2024-07-23,16216.0,6.1667489e-05
2024-07-24,16244.0,6.1561192e-05
2024-07-25,16316.0,6.1289532e-05
2024-07-26,16293.0,6.1376051e-05
2024-07-29,16280.0,6.1425061e-05
2024-07-30,16336.0,6.1214496e-05
2024-07-31,16286.0,6.1402432e-05
2024-08-01,16266.0,6.1477929e-05
2024-08-02,16210.0,6.1690315e-05
2024-08-05,16191.0,6.1762708e-05
2024-08-06,16173.0,6.1831447e-05
2024-08-07,16058.0,6.2274256e-05
2024-08-08,15900.0,6.2893082e-05
2024-08-09,15950.0,6.2695925e-05
2024-08-12,15967.0,6.2629173e-05
2024-08-13,15843.0,6.3119359e-05
2024-08-14,15605.0,6.4082025e-05
2024-08-15,15702.0,6.3686155e-05
2024-08-16,15699.0,6.3698325e-05
2024-08-19,15589.0,6.4147797e-05
2024-08-20,15451.0,6.472073e-05
2024-08-21,15515.0,6.4453754e-05
2024-08-22,15631.0,6.3975433e-05
2024-08-23,15559.0,6.4271483e-05
2024-08-26,15441.0,6.4762645e-05
2024-08-27,15543.0,6.4337644e-05
2024-08-28,15427.0,6.4821417e-05
2024-08-29,15407.0,6.4905562e-05
2024-08-30,15496.0,6.4532783e-05
2024-09-02,15541.0,6.4345924e-05
2024-09-03,15560.0,6.4267352e-05
2024-09-04,15499.0,6.4520292e-05
2024-09-05,15419.0,6.4855049e-05
2024-09-06,15414.0,6.4876087e-05
2024-09-09,15470.0,6.4641241e-05
2024-09-10,15454.0,6.4708166e-05
2024-09-11,15412.0,6.4884506e-05
2024-09-12,15438.0,6.477523e-05
2024-09-13,15407.0,6.4905562e-05
2024-09-16,15366.0,6.5078745e-05
2024-09-17,15336.0,6.5206051e-05
2024-09-18,15311.0,6.531252e-05
2024-09-19,15170.0,6.5919578e-05
2024-09-20,15162.0,6.595436e-05
2024-09-23,15187.0,6.5845789e-05
2024-09-24,15177.0,6.5889174e-05
2024-09-25,15118.0,6.6146316e-05
2024-09-26,15131.0,6.6089485e-05
2024-09-27,15109.0,6.6185717e-05
2024-09-30,15163.0,6.595001e-05
2024-10-01,15198.0,6.5798131e-05
2024-10-02,15278.0,6.5453593e-05
2024-10-03,15468.0,6.4649599e-05
2024-10-04,15564.0,6.4250835e-05
2024-10-07,15717.0,6.3625374e-05
2024-10-08,15647.0,6.3910015e-05
2024-10-09,15634.0,6.3963157e-05
2024-10-10,15703.0,6.3682099e-05
2024-10-11,15581.0,6.4180733e-05
2024-10-14,15593.0,6.4131341e-05
2024-10-15,15525.0,6.4412238e-05
2024-10-16,15526.0,6.440809e-05
2024-10-17,15510.0,6.4474533e-05
2024-10-18,15492.0,6.4549445e-05
2024-10-21,15495.0,6.4536947e-05
2024-10-22,15565.0,6.4246707e-05
2024-10-23,15671.0,6.3812137e-05
2024-10-24,15580.0,6.4184852e-05
2024-10-25,15685.0,6.375518e-05
2024-10-28,15729.0,6.3576833e-05
2024-10-29,15772.0,6.34035e-05
2024-10-30,15688.0,6.3742988e-05
2024-10-31,15720.0,6.3613232e-05
2024-11-01,15739.0,6.3536438e-05
2024-11-04,15766.0,6.3427629e-05
2024-11-05,15766.0,6.3427629e-05
2024-11-06,15874.0,6.2996094e-05
2024-11-07,15660.0,6.385696e-05
2024-11-08,15598.0,6.4110783e-05
2024-11-11,15726.0,6.3588961e-05
2024-11-12,15795.0,6.3311174e-05
2024-11-13,15727.0,6.3584918e-05
2024-11-14,15954.0,6.2680206e-05
2024-11-15,15884.0,6.2956434e-05
2024-11-18,15858.0,6.3059654e-05
2024-11-19,15844.0,6.3115375e-05
2024-11-20,15897.0,6.2904951e-05
2024-11-21,15897.0,6.2904951e-05
2024-11-22,15914.0,6.2837753e-05
2024-11-25,15867.0,6.3023886e-05
2024-11-26,15878.0,6.2980224e-05
2024-11-27,15863.0,6.3039778e-05
2024-11-28,15875.0,6.2992126e-05
2024-11-29,15863.0,6.3039778e-05
2024-12-02,15898.0,6.2900994e-05
2024-12-03,15933.0,6.2762819e-05
2024-12-04,15924.0,6.2798292e-05
2024-12-05,15855.0,6.3071586e-05
2024-12-06,15824.0,6.3195147e-05
2024-12-09,15878.0,6.2980224e-05
2024-12-10,15873.0,6.3000063e-05
2024-12-11,15932.0,6.2766759e-05
2024-12-12,15964.0,6.2640942e-05
2024-12-13,16020.0,6.2421973e-05
2024-12-16,16022.0,6.2414181e-05
2024-12-17,16138.0,6.1965547e-05
2024-12-18,16110.0,6.2073246e-05
2024-12-19,16314.0,6.1297045e-05
2024-12-20,16230.0,6.1614295e-05
2024-12-23,16182.0,6.1797058e-05
2024-12-24,16203.0,6.1716966e-05
2024-12-27,16218.0,6.1659884e-05
2024-12-30,16163.0,6.1869702e-05
2024-12-31,16191.0,6.1762708e-05
2025-01-02,16207.0,6.1701734e-05
2025-01-03,16219.0,6.1656082e-05
2025-01-06,16147.0,6.1931009e-05
2025-01-07,16160.0,6.1881188e-05
2025-01-08,16255.0,6.1519532e-05
2025-01-09,16200.0,6.1728395e-05
2025-01-10,16189.0,6.1770338e-05
2025-01-13,16318.0,6.128202e-05
2025-01-14,16309.0,6.1315838e-05
2025-01-15,16381.0,6.1046334e-05
2025-01-16,16407.0,6.0949595e-05
2025-01-17,16398.0,6.0983047e-05
2025-01-20,16390.0,6.1012813e-05
2025-01-21,16339.0,6.1203256e-05
2025-01-22,16211.0,6.1686509e-05
2025-01-23,16240.0,6.1576355e-05
2025-01-24,16139.0,6.1961708e-05
2025-01-27,16151.0,6.1915671e-05
2025-01-28,16225.0,6.1633282e-05
2025-01-29,16240.0,6.1576355e-05
2025-01-30,16247.0,6.1549825e-05
2025-01-31,16300.0,6.1349693e-05
2025-02-03,16415.0,6.091989e-05
2025-02-04,16318.0,6.128202e-05
2025-02-05,16315.0,6.1293288e-05
2025-02-06,16355.0,6.1143381e-05
2025-02-07,16318.0,6.128202e-05
2025-02-10,16345.0,6.1180789e-05
2025-02-11,16367.0,6.1098552e-05
2025-02-12,16349.0,6.1165821e-05
2025-02-13,16386.0,6.1027707e-05
2025-02-14,16205.0,6.1709349e-05
2025-02-17,16226.0,6.1629484e-05
2025-02-18,16338.0,6.1207002e-05
2025-02-19,16371.0,6.1083623e-05
2025-02-20,16290.0,6.1387354e-05
2025-02-21,16319.0,6.1278265e-05
2025-02-24,16286.0,6.1402432e-05
2025-02-25,16348.0,6.1169562e-05
2025-02-26,16375.0,6.1068702e-05
2025-02-27,16453.0,6.0779189e-05
2025-02-28,16548.0,6.0430263e-05
2025-03-03,16451.0,6.0786578e-05
2025-03-04,16414.0,6.0923602e-05
2025-03-05,16362.0,6.1117223e-05
2025-03-06,16368.0,6.1094819e-05
2025-03-07,16270.0,6.1462815e-05
2025-03-10,16357.0,6.1135905e-05
2025-03-11,16438.0,6.0834651e-05
2025-03-12,16470.0,6.0716454e-05
2025-03-13,16435.0,6.0845756e-05
2025-03-14,16358.0,6.1132168e-05
2025-03-17,16379.0,6.1053788e-05
2025-03-18,16512.0,6.0562016e-05
2025-03-19,16526.0,6.051071e-05
2025-03-20,16510.0,6.0569352e-05
2025-03-21,16511.0,6.0565683e-05
2025-03-24,16559.0,6.039012e-05
2025-03-25,16565.0,6.0368246e-05
2025-03-26,16613.0,6.0193824e-05
2025-03-27,16585.0,6.0295448e-05
2025-03-28,16588.0,6.0284543e-05
2025-03-31,16637.0,6.010699e-05
2025-04-01,16743.0,5.9726453e-05
2025-04-02,16716.0,5.9822924e-05
2025-04-03,16714.0,5.9830083e-05
2025-04-04,16958.0,5.8969218e-05
2025-04-07,16952.0,5.899009e-05
2025-04-08,16916.0,5.911563e-05
2025-04-09,16944.0,5.9017941e-05
2025-04-10,16835.0,5.9400059e-05
2025-04-11,16855.0,5.9329576e-05
2025-04-14,16810.0,5.94884e-05
2025-04-15,16854.0,5.9333096e-05
2025-04-16,16799.0,5.9527353e-05
2025-04-17,16868.0,5.9283851e-05
2025-04-22,16842.0,5.9375371e-05
2025-04-23,16876.0,5.9255748e-05
2025-04-24,16852.0,5.9340138e-05
2025-04-25,16854.0,5.9333096e-05
2025-04-28,16812.0,5.9481323e-05
2025-04-29,16758.0,5.9672992e-05
2025-04-30,16620.0,6.0168472e-05
2025-05-02,16444.0,6.0812454e-05
2025-05-05,16434.0,6.0849458e-05
2025-05-06,16418.0,6.0908759e-05
2025-05-07,16517.0,6.0543682e-05
2025-05-08,16502.0,6.0598715e-05
2025-05-09,16537.0,6.047046e-05
2025-05-12,16659.0,6.0027613e-05
2025-05-13,16660.0,6.002401e-05
2025-05-14,16536.0,6.0474117e-05
2025-05-15,16526.0,6.051071e-05
2025-05-16,16462.0,6.074596e-05
2025-05-19,16455.0,6.0771802e-05
2025-05-20,16424.0,6.0886508e-05
2025-05-21,16330.0,6.1236987e-05
2025-05-22,16335.0,6.1218243e-05
2025-05-23,16267.0,6.147415e-05
2025-05-26,16253.0,6.1527103e-05
2025-05-27,16282.0,6.1417516e-05
2025-05-28,16320.0,6.127451e-05
2025-05-29,16298.0,6.1357222e-05
2025-05-30,16333.0,6.1225739e-05
2025-06-02,16275.0,6.1443932e-05
2025-06-03,16319.0,6.1278265e-05
2025-06-04,16314.0,6.1297045e-05
2025-06-05,16256.0,6.1515748e-05
2025-06-06,16314.0,6.1297045e-05
2025-06-09,16289.0,6.1391123e-05
2025-06-10,16265.0,6.1481709e-05
2025-06-11,16282.0,6.1417516e-05
2025-06-12,16221.0,6.164848e-05
2025-06-13,16317.0,6.1285776e-05
2025-06-16,16287.0,6.1398662e-05
2025-06-17,16297.0,6.1360987e-05
2025-06-18,16361.0,6.1120958e-05
2025-06-19,16384.0,6.1035156e-05
2025-06-20,16404.0,6.0960741e-05
2025-06-23,16502.0,6.0598715e-05
2025-06-24,16324.0,6.1259495e-05
2025-06-25,16308.0,6.1319598e-05
2025-06-26,16238.0,6.1583939e-05
2025-06-27,16213.0,6.16789e-05
2025-06-30,16230.0,6.1614295e-05
2025-07-01,16203.0,6.1716966e-05
2025-07-02,16239.0,6.1580147e-05
2025-07-03,16221.0,6.164848e-05
2025-07-04,16194.0,6.1751266e-05
2025-07-07,16252.0,6.1530889e-05
2025-07-08,16272.0,6.1455261e-05
2025-07-09,16262.0,6.1493051e-05
2025-07-10,16237.0,6.1587732e-05
2025-07-11,16217.0,6.1663686e-05
2025-07-14,16275.0,6.1443932e-05
2025-07-15,16263.0,6.148927e-05
2025-07-16,16296.0,6.1364752e-05
2025-07-17,16349.0,6.1165821e-05
2025-07-18,16306.0,6.1327119e-05
2025-07-21,16314.0,6.1297045e-05
2025-07-22,16316.0,6.1289532e-05
2025-07-23,16295.0,6.1368518e-05
2025-07-24,16294.0,6.1372284e-05
2025-07-25,16337.0,6.1210749e-05
2025-07-28,16376.0,6.1064973e-05
2025-07-29,16412.0,6.0931026e-05
2025-07-30,16411.0,6.0934739e-05
2025-07-31,16497.0,6.0617082e-05
2025-08-01,16520.0,6.0532688e-05
2025-08-04,16373.0,6.1076162e-05
2025-08-05,16380.0,6.1050061e-05
2025-08-06,16358.0,6.1132168e-05
2025-08-07,16309.0,6.1315838e-05
2025-08-08,16261.0,6.1496833e-05
2025-08-11,16310.0,6.1312078e-05
2025-08-12,16311.0,6.130832e-05
2025-08-13,16128.0,6.2003968e-05
2025-08-14,16104.0,6.2096374e-05
2025-08-15,16183.0,6.179324e-05
2025-08-18,16220.0,6.1652281e-05
2025-08-19,16256.0,6.1515748e-05
2025-08-20,16282.0,6.1417516e-05
2025-08-21,16317.0,6.1285776e-05
2025-08-22,16374.0,6.1072432e-05
2025-08-25,16245.0,6.1557402e-05
2025-08-26,16313.0,6.1300803e-05
2025-08-27,16423.0,6.0890215e-05
2025-08-28,16322.0,6.1267002e-05
2025-08-29,16475.0,6.0698027e-05
2025-09-01,16431.0,6.0860568e-05
2025-09-02,16409.0,6.0942166e-05
2025-09-03,16452.0,6.0782884e-05
2025-09-04,16445.0,6.0808756e-05
2025-09-05,16420.0,6.090134e-05
2025-09-08,16526.0,6.051071e-05
2025-09-09,16423.0,6.0890215e-05
2025-09-10,16487.0,6.0653848e-05
2025-09-11,16484.0,6.0664887e-05
2025-09-12,16439.0,6.0830951e-05
2025-09-15,16418.0,6.0908759e-05
2025-09-16,16408.0,6.094588e-05
2025-09-17,16463.0,6.0742271e-05
2025-09-18,16545.0,6.0441221e-05
2025-09-19,16651.0,6.0056453e-05
2025-09-22,16583.0,6.030272e-05
2025-09-23,16654.0,6.0045635e-05
2025-09-24,16699.0,5.9883825e-05
2025-09-25,16784.0,5.9580553e-05
2025-09-26,16709.0,5.9847986e-05
2025-09-29,16671.0,5.9984404e-05
2025-09-30,16676.0,5.9966419e-05
2025-10-01,16632.0,6.012506e-05
2025-10-02,16616.0,6.0182956e-05
2025-10-03,16565.0,6.0368246e-05
2025-10-06,16615.0,6.0186578e-05
2025-10-07,16570.0,6.035003e-05
2025-10-08,16595.0,6.0259114e-05
2025-10-09,16560.0,6.0386473e-05
2025-10-10,16590.0,6.0277275e-05
2025-10-13,16582.0,6.0306356e-05
2025-10-14,16629.0,6.0135907e-05
2025-10-15,16602.0,6.0233707e-05
2025-10-16,16607.0,6.0215572e-05
2025-10-17,16579.0,6.0317269e-05
2025-10-20,16563.0,6.0375536e-05
2025-10-21,16605.0,6.0222824e-05
2025-10-22,16619.0,6.0172092e-05
2025-10-23,16625.0,6.0150376e-05
2025-10-24,16608.0,6.0211946e-05
2025-10-27,16619.0,6.0172092e-05
2025-10-28,16616.0,6.0182956e-05
2025-10-29,16562.0,6.0379181e-05
2025-10-30,16666.0,6.00024e-05
2025-10-31,16662.0,6.0016805e-05
2025-11-03,16710.0,5.9844405e-05
2025-11-04,16721.0,5.9805036e-05
2025-11-05,16704.0,5.98659e-05
2025-11-06,16677.0,5.9962823e-05
2025-11-07,16698.0,5.9887412e-05
2025-11-10,16693.0,5.990535e-05
2025-11-11,16727.0,5.9783583e-05
2025-11-12,16761.0,5.9662311e-05
2025-11-13,16711.0,5.9840823e-05
2025-11-14,16702.0,5.9873069e-05
2025-11-17,16735.0,5.9755004e-05
2025-11-18,16756.0,5.9680115e-05
2025-11-19,16718.0,5.9815767e-05
2025-11-20,16749.0,5.9705057e-05
2025-11-21,16718.0,5.9815767e-05
2025-11-24,16633.0,6.0121445e-05
2025-11-25,16609.0,6.0208321e-05
2025-11-26,16649.0,6.0063667e-05
2025-11-27,16640.0,6.0096154e-05
2025-11-28,16660.0,6.002401e-05
2025-12-01,16590.0,6.0277275e-05
2025-12-02,16625.0,6.0150376e-05
2025-12-03,16623.0,6.0157613e-05
2025-12-04,16655.0,6.0042029e-05
2025-12-05,16672.0,5.9980806e-05
2025-12-08,16693.0,5.990535e-05
2025-12-09,16674.0,5.9973612e-05
2025-12-10,16683.0,5.9941258e-05
2025-12-11,16676.0,5.9966419e-05
2025-12-12,16652.0,6.0052847e-05
2025-12-15,16683.0,5.9941258e-05
2025-12-16,16665.0,6.0006001e-05
2025-12-17,16692.0,5.9908938e-05
2025-12-18,16717.0,5.9819346e-05
2025-12-19,16736.0,5.9751434e-05
2025-12-22,16776.0,5.9608965e-05
2025-12-23,16787.0,5.9569905e-05
2025-12-24,16747.0,5.9712187e-05
2025-12-29,16771.0,5.9626737e-05
2025-12-30,16765.0,5.9648076e-05
2025-12-31,16716.0,5.9822924e-05
2026-01-02,16716.0,5.9822924e-05
2026-01-05,16740.0,5.9737157e-05
2026-01-06,16770.0,5.9630292e-05
2026-01-07,16768.0,5.9637405e-05
2026-01-08,16836.0,5.9396531e-05
2026-01-09,16860.0,5.9311981e-05
2026-01-12,16893.0,5.9196117e-05
2026-01-13,16864.0,5.9297913e-05
2026-01-14,16872.0,5.9269796e-05
2026-01-15,16897.0,5.9182103e-05
2026-01-16,16918.0,5.9108642e-05
2026-01-19,16974.0,5.8913633e-05
2026-01-20,16946.0,5.9010976e-05
2026-01-21,16911.0,5.9133109e-05
2026-01-22,16875.0,5.9259259e-05
2026-01-23,16823.0,5.944243e-05
2026-01-26,16778.0,5.960186e-05
2026-01-27,16716.0,5.9822924e-05
2026-01-28,16742.0,5.973002e-05
2026-01-29,16782.0,5.9587653e-05
2026-01-30,16788.0,5.9566357e-05
2026-02-02,16799.0,5.9527353e-05
2026-02-03,16770.0,5.9630292e-05
2026-02-04,16794.0,5.9545076e-05
2026-02-05,16867.0,5.9287366e-05
2026-02-06,16873.0,5.9266283e-05
2026-02-09,16827.0,5.94283e-05
2026-02-10,16787.0,5.9569905e-05
2026-02-11,16800.0,5.952381e-05
2026-02-12,16830.0,5.9417706e-05
2026-02-13,16823.0,5.944243e-05
2026-02-16,16818.0,5.9460102e-05
2026-02-17,16829.0,5.9421237e-05
2026-02-18,16885.0,5.9224163e-05
2026-02-19,16918.0,5.9108642e-05
2026-02-20,16889.0,5.9210137e-05
2026-02-23,16822.0,5.9445964e-05
2026-02-24,16833.0,5.9407117e-05
2026-02-25,16814.0,5.9474248e-05
2026-02-26,16767.0,5.9640961e-05
2026-02-27,16801.0,5.9520267e-05
2026-03-02,16876.0,5.9255748e-05
2026-03-03,16895.0,5.9189109e-05
2026-03-04,16855.0,5.9329576e-05
2026-03-05,16909.0,5.9140103e-05
2026-03-06,16973.0,5.8917104e-05
2026-03-09,16942.0,5.9024909e-05
2026-03-10,16866.0,5.9290881e-05
2026-03-11,16898.0,5.9178601e-05
2026-03-12,16886.0,5.9220656e-05
2026-03-13,16900.0,5.9171598e-05
2026-03-16,16965.0,5.8944887e-05
2026-03-17,16958.0,5.8969218e-05
2026-03-18,16994.0,5.8844298e-05
2026-03-19,16961.0,5.8958788e-05
2026-03-20,16925.0,5.9084195e-05
2026-03-23,16896.0,5.9185606e-05
2026-03-24,16891.0,5.9203126e-05
2026-03-25,16858.0,5.9319018e-05
2026-03-26,16917.0,5.9112136e-05
2026-03-27,16983.0,5.8882412e-05
2026-03-30,17018.0,5.8761312e-05
2026-03-31,16965.0,5.8944887e-05
2026-04-01,16914.0,5.912262e-05
2026-04-02,17011.0,5.8785492e-05
2026-04-07,17070.0,5.8582308e-05
2026-04-08,16976.0,5.8906692e-05
2026-04-09,17097.0,5.8489794e-05
2026-04-10,17095.0,5.8496636e-05
2026-04-13,17188.0,5.8180126e-05
2026-04-14,17131.0,5.8373708e-05
2026-04-15,17154.0,5.8295441e-05
2026-04-16,17140.0,5.8343057e-05
2026-04-17,17180.0,5.8207218e-05
2026-04-20,17129.0,5.8380524e-05
2026-04-21,17128.0,5.8383933e-05
2026-04-22,17199.0,5.8142915e-05
2026-04-23,17276.0,5.7883769e-05
2026-04-24,17244.0,5.7991185e-05
2026-04-27,17209.0,5.8109129e-05
2026-04-28,17284.0,5.7856978e-05
2026-04-29,17348.0,5.7643532e-05
2026-04-30,17346.0,5.7650179e-05
2026-05-04,17409.0,5.7441553e-05
2026-05-05,17453.0,5.729674e-05
2026-05-06,17328.0,5.7710065e-05
2026-05-07,17298.0,5.7810151e-05
2026-05-08,17366.0,5.7583784e-05
2026-05-11,17425.0,5.7388809e-05
2026-05-12,17497.0,5.7152655e-05
2026-05-13,17496.0,5.7155921e-05
2026-05-14,17465.0,5.7257372e-05
2026-05-15,17589.0,5.6853715e-05
2026-05-18,17683.0,5.655149e-05
2026-05-19,17743.0,5.6360255e-05
2026-05-20,17701.0,5.6493983e-05
2026-05-21,17677.0,5.6570685e-05
2026-05-22,17695.0,5.6513139e-05
2026-05-25,17734.0,5.6388858e-05
2026-05-26,17835.0,5.6069526e-05
2026-05-27,17837.0,5.6063239e-05
2026-05-28,17851.0,5.6019271e-05
2026-05-29,17816.0,5.6129322e-05
2026-06-01,17835.0,5.6069526e-05
2026-06-02,17827.0,5.6094688e-05
2026-06-03,17962.0,5.5673088e-05
2026-06-04,18026.0,5.5475424e-05
2026-06-05,18070.0,5.5340343e-05
2026-06-08,18151.0,5.5093383e-05
2026-06-09,17950.0,5.5710306e-05
2026-06-10,17910.0,5.5834729e-05
2026-06-11,17974.0,5.5635919e-05
2026-06-12,17788.0,5.6217675e-05
2026-06-15,17719.0,5.6436593e-05
2026-06-16,17721.0,5.6430224e-05
2026-06-17,17803.0,5.6170308e-05
2026-06-18,17875.0,5.5944056e-05
2026-06-19,17808.0,5.6154537e-05
